,username,wafer_num,pos,cap_diam,cap_ind,flags,-1.00,-0.90,-0.80,-0.70,-0.60,-0.50,-0.40,-0.30,-0.20,-0.10,0.00,0.10,0.20,0.30,0.40,0.50,0.60,0.70,0.80,0.90,1.00
40,Wafer5_mid_100d_p1,5,CENTER,100.0,1,,6.122862531758257e-11,6.123105448831513e-11,6.110079803983011e-11,6.102795289442796e-11,6.094450857193694e-11,6.087905775407149e-11,6.079407444024446e-11,6.068477034733379e-11,6.062394242664179e-11,6.056679888296365e-11,6.040092250470361e-11,6.036872264006157e-11,6.033661064230916e-11,6.026000091324817e-11,6.026236119330891e-11,6.012701012916583e-11,6.004640968752718e-11,6.001266841985651e-11,5.997444493569679e-11,5.991567763092412e-11,5.993019775126669e-11
41,Wafer5_mid_100d_p2_d,5,CENTER,100.0,2,d,5.911756739554568e-11,5.904530990395411e-11,5.8921771822016e-11,5.881304498410134e-11,5.873887358394829e-11,5.864035237946907e-11,5.855140573681431e-11,5.849945081161117e-11,5.835738036043018e-11,5.827664100063342e-11,5.823925391977093e-11,5.818603987289501e-11,5.815462297096882e-11,5.814314080013884e-11,5.809666053207706e-11,5.8143754037209345e-11,5.8125124152635205e-11,5.812561739436087e-11,5.8122878323782314e-11,5.8135936633975454e-11,5.813879357078478e-11
43,Wafer5_mid_100d_p3,5,CENTER,100.0,3,,6.094259850569459e-11,6.089634497994562e-11,6.075686970416942e-11,6.071992066770034e-11,6.067332943232244e-11,6.055726687992184e-11,6.047950543678732e-11,6.034277858038974e-11,6.029897358748561e-11,6.023290407930827e-11,6.018325235553401e-11,6.013862190873076e-11,6.000713596356776e-11,5.998596575476643e-11,5.990724325517862e-11,5.984794198478368e-11,5.978872290233453e-11,5.972044619948682e-11,5.967142015312101e-11,5.965037450642122e-11,5.963802223620571e-11
44,Wafer5_mid_100d_p4_d,5,CENTER,100.0,4,d,6.054569629632972e-11,6.045786640363083e-11,6.035842730214885e-11,6.024889075431466e-11,6.018137719598096e-11,6.008003748223659e-11,5.997569889520811e-11,5.997218870414787e-11,5.986816987212199e-11,5.979795723279121e-11,5.973048696277452e-11,5.965681252086963e-11,5.9691415493556e-11,5.963536609074462e-11,5.96574582367601e-11,5.965314084061011e-11,5.965063644505239e-11,5.961828704854357e-11,5.965728822947415e-11,5.963836116634733e-11,5.964347110644962e-11
45,Wafer5_mid_100d_p5,5,CENTER,100.0,5,,5.37065559046485e-11,5.358106805293417e-11,5.352453732275848e-11,5.3448332439160295e-11,5.341500592141013e-11,5.333723381972865e-11,5.328028900310386e-11,5.320085938587792e-11,5.315774576094292e-11,5.3085062638875615e-11,5.297009560108031e-11,5.2924861046952876e-11,5.287412336216304e-11,5.281712771017104e-11,5.274868415353844e-11,5.267345451215431e-11,5.2607328390673457e-11,5.2561795220004154e-11,5.261190951651134e-11,5.254280754406297e-11,5.251234790916338e-11
46,Wafer5_mid_100d_p6_d,5,CENTER,100.0,6,d,5.867100681622717e-11,5.849973319484764e-11,5.84339141812611e-11,5.834994122906741e-11,5.827378889395782e-11,5.819434517394652e-11,5.8094826371441464e-11,5.799167610957919e-11,5.7925242550031745e-11,5.786972037668903e-11,5.787801122965118e-11,5.7820898162625966e-11,5.784239418944914e-11,5.779269599774828e-11,5.779068805866037e-11,5.773144384575802e-11,5.776691997493189e-11,5.774779229458672e-11,5.773829445114124e-11,5.777072036505269e-11,5.775615885235265e-11
47,Wafer5_mid_100d_p7_d,5,CENTER,100.0,7,d,5.897512700263393e-11,5.888581992655184e-11,5.878959600793137e-11,5.863874690988451e-11,5.85821683379363e-11,5.848525254455039e-11,5.839521065893072e-11,5.832623496768782e-11,5.825390562056845e-11,5.822479862643189e-11,5.811382541365241e-11,5.811689239133157e-11,5.805625784580764e-11,5.8108379015780565e-11,5.806703602477825e-11,5.8070495829703405e-11,5.810162941246938e-11,5.802603853860614e-11,5.807556405462546e-11,5.807147878679534e-11,5.8057032974844543e-11
568,Wafer6_B_100_p1,6,BOTTOM,100.0,1,,4.7663297433499293e-11,4.780826293286112e-11,4.8171681394178136e-11,4.811586235358346e-11,4.748531615276473e-11,4.733534310127321e-11,4.74417687550403e-11,4.730745509120404e-11,4.724140463442764e-11,4.7368912300805075e-11,4.753515311054996e-11,4.7255877154777537e-11,4.6628229666225835e-11,4.6873116550462575e-11,4.682146743594118e-11,4.6834017317808226e-11,4.674117276829289e-11,4.651886107614689e-11,4.635619205151632e-11,4.679217716421344e-11,4.6741200450059193e-11
322,Wafer6_M_100d_p1,6,CENTER,100.0,1,,6.078690856813463e-11,6.079068383415522e-11,6.066859802285084e-11,6.061195498761173e-11,6.053179147518754e-11,6.042362363623102e-11,6.034113713097518e-11,6.031386904410504e-11,6.025821205571667e-11,6.019134308278715e-11,6.011620666833812e-11,6.004352306677269e-11,6.001678303429792e-11,5.99458708563232e-11,5.9898258757242e-11,5.985166466301465e-11,5.979290006061356e-11,5.978019856157554e-11,5.972933024466984e-11,5.970463723309723e-11,5.96326865658143e-11
441,Wafer6_R_100d_p1_d,6,RIGHT,100.0,1,d,6.303618144257798e-11,6.294970253852792e-11,6.289737700799371e-11,6.281237527969973e-11,6.273495724282537e-11,6.267543171626032e-11,6.257270184385286e-11,6.25261130509894e-11,6.245808682037504e-11,6.238101345355859e-11,6.236370429576511e-11,6.235389192078654e-11,6.230800497292014e-11,6.226367218546824e-11,6.22675114449247e-11,6.225804574963948e-11,6.225658268268863e-11,6.219866873575891e-11,6.224231893005036e-11,6.224315285827935e-11,6.227536423218526e-11
442,Wafer6_R_100d_p2,6,RIGHT,100.0,2,,6.220932896018515e-11,6.210487594931949e-11,6.204894752479899e-11,6.198041077062563e-11,6.19229827003798e-11,6.18175217629665e-11,6.176244948484716e-11,6.167656296360444e-11,6.163293464517962e-11,6.158410896613208e-11,6.147355892059857e-11,6.13910780938112e-11,6.135888697487392e-11,6.126376414194811e-11,6.121935302524344e-11,6.116792996690139e-11,6.114301022371e-11,6.106110916985914e-11,6.104472913157669e-11,6.099604794963909e-11,6.09270667954171e-11
444,Wafer6_R_100d_p3,6,RIGHT,100.0,3,,6.002325563930105e-11,5.989002794366171e-11,5.981377296835335e-11,5.977060097440226e-11,5.966079983772987e-11,5.958926445722509e-11,5.949584272622916e-11,5.945814146641728e-11,5.937017281048689e-11,5.936738630508541e-11,5.922283284705647e-11,5.919870702499407e-11,5.914562497617222e-11,5.907028381933148e-11,5.89978703750493e-11,5.902648446000925e-11,5.89902863981192e-11,5.895367403790347e-11,5.888333655790758e-11,5.889242562606448e-11,5.886748157664295e-11
447,Wafer6_R_100d_p4,6,RIGHT,100.0,4,,6.1107936830752e-11,6.095860276642037e-11,6.091286406228034e-11,6.083926060616336e-11,6.079259023535775e-11,6.069429403119234e-11,6.069995408084061e-11,6.056077105399343e-11,6.052877383643048e-11,6.045507918416162e-11,6.036841819618014e-11,6.034322239587946e-11,6.025045054363292e-11,6.021059932700941e-11,6.019597402273192e-11,6.009947183194156e-11,6.009379360310357e-11,6.003834995186738e-11,6.00746893466172e-11,6.002592483406499e-11,5.998520029858532e-11
499,Wafer6_T_100d_p1,6,TOP,100.0,1,,5.796765005354866e-11,5.787793231931497e-11,5.775733474475455e-11,5.773808392082067e-11,5.764823751224084e-11,5.75456266497401e-11,5.7504852988233245e-11,5.7453915798396315e-11,5.7335060601475514e-11,5.732300364496498e-11,5.723383399906226e-11,5.715514383701121e-11,5.708498156270343e-11,5.7030326592730766e-11,5.698028985587188e-11,5.6946004802481524e-11,5.685164805138453e-11,5.680720416877559e-11,5.679537954141784e-11,5.6801856924560313e-11,5.675160237748114e-11
500,Wafer6_T_100d_p2,6,TOP,100.0,2,,5.827097717036079e-11,5.812664967641837e-11,5.809824714351639e-11,5.8048500637238905e-11,5.7951963676564465e-11,5.7979833290802844e-11,5.788903994352799e-11,5.7802942073434253e-11,5.778950444305551e-11,5.771085750023984e-11,5.7673385602258697e-11,5.7604980299696686e-11,5.756982445925224e-11,5.757911302338715e-11,5.752576977330177e-11,5.748345148868239e-11,5.743251019790338e-11,5.743474485858649e-11,5.7427187288380514e-11,5.742762959071106e-11,5.7361950951096143e-11
501,Wafer6_T_100d_p3,6,TOP,100.0,3,,5.491054146675984e-11,5.4812137874768e-11,5.4794656822362336e-11,5.4755027438093165e-11,5.459340756360284e-11,5.457522381946215e-11,5.453310207820234e-11,5.449747087534721e-11,5.4396576511269495e-11,5.437386259342783e-11,5.4334760970719587e-11,5.430284501406257e-11,5.418544507064108e-11,5.422259910042979e-11,5.416339544783697e-11,5.407731695876738e-11,5.40876872027721e-11,5.4063639044659144e-11,5.406649620800107e-11,5.407986931743608e-11,5.406843010402436e-11
502,Wafer6_T_100d_p4,6,TOP,100.0,4,,5.926107298527957e-11,5.915654861303393e-11,5.909983136649446e-11,5.905456186852356e-11,5.895260505873383e-11,5.886631691756227e-11,5.883244413147121e-11,5.875705375059306e-11,5.869717537933216e-11,5.862029371539252e-11,5.854161506928246e-11,5.853381481569731e-11,5.845060170798632e-11,5.8397072604713e-11,5.83487704387219e-11,5.828472693028546e-11,5.825623443756249e-11,5.8199213426198925e-11,5.818059506789961e-11,5.82139606481375e-11,5.818583925452382e-11
503,Wafer6_T_100d_p5,6,TOP,100.0,5,,5.8094993532145926e-11,5.7967248082783165e-11,5.7953996861821105e-11,5.783053234936874e-11,5.7781059658085673e-11,5.773710128550271e-11,5.766571641344296e-11,5.750965801110053e-11,5.7484155787243795e-11,5.740751095782265e-11,5.734967488166146e-11,5.730513839840613e-11,5.721449914375837e-11,5.715640958681081e-11,5.709420429417692e-11,5.7067401889223245e-11,5.7054679209885525e-11,5.700706654619345e-11,5.701324325514965e-11,5.697478643219924e-11,5.69568282125707e-11
268,Wafer5_B_200d_p1,5,BOTTOM,200.0,1,,2.513154089030546e-10,2.5100631433897724e-10,2.506619201589702e-10,2.5031931255552585e-10,2.500530429533388e-10,2.497556867158617e-10,2.494496268387481e-10,2.4917987979553227e-10,2.4891162283084915e-10,2.4867226089792613e-10,2.483777374447425e-10,2.4806722676489344e-10,2.478555786724896e-10,2.476085079683472e-10,2.473597236343551e-10,2.471403801236064e-10,2.4697538173552905e-10,2.46816893433616e-10,2.4669090298883964e-10,2.4656248619835184e-10,2.465451661417921e-10
269,Wafer5_B_200d_p2,5,BOTTOM,200.0,2,,2.483593289658087e-10,2.479101026596516e-10,2.475777983065651e-10,2.4723468561658195e-10,2.4693601456461256e-10,2.4662160270950306e-10,2.4626298053092114e-10,2.458882824575127e-10,2.456012404320518e-10,2.452925132401134e-10,2.4503069885433484e-10,2.4469327567163594e-10,2.4441761851862676e-10,2.441205641533735e-10,2.4385372934331544e-10,2.435803304575161e-10,2.4340821579077577e-10,2.432465406500257e-10,2.4310450884381843e-10,2.429904582088294e-10,2.429310108938995e-10
270,Wafer5_B_200d_p3,5,BOTTOM,200.0,3,,2.4982702365771245e-10,2.494088436748788e-10,2.49089275220014e-10,2.487628199274277e-10,2.4843422173308516e-10,2.481014151733528e-10,2.4786994745238983e-10,2.4755865937769103e-10,2.472301010568905e-10,2.4697164156918297e-10,2.4667407752546667e-10,2.463761608316593e-10,2.4609417078405637e-10,2.458330790274844e-10,2.455356186883622e-10,2.453948966556895e-10,2.4519703412454044e-10,2.450098401921356e-10,2.448789182810386e-10,2.448154693572903e-10,2.4473489944860017e-10
30,Wafer5_mid_200d_p1,5,CENTER,200.0,1,,2.4661099075752167e-10,2.46294936940442e-10,2.459535614394085e-10,2.4562905763353233e-10,2.4530759216725283e-10,2.450404087749242e-10,2.4476633636389606e-10,2.445166262636396e-10,2.4414713810882437e-10,2.4390621356551985e-10,2.4365065709769333e-10,2.4339062768725185e-10,2.4311826710048755e-10,2.4288225495841764e-10,2.4264530424680527e-10,2.424332220677731e-10,2.4225909934735245e-10,2.420648708263235e-10,2.419397995362333e-10,2.4178866660188566e-10,2.417438824706704e-10
31,Wafer5_mid_200d_p2_d,5,CENTER,200.0,2,d,2.4527029957001737e-10,2.448974117476267e-10,2.444688610934619e-10,2.441181835394631e-10,2.43687355465401e-10,2.4341693016249575e-10,2.4300260576685264e-10,2.4269952575717224e-10,2.4240645128617977e-10,2.4213629944300926e-10,2.4192386957104895e-10,2.4178819286034217e-10,2.41611187007833e-10,2.4147274866448163e-10,2.4145505949859773e-10,2.414232112229207e-10,2.4141540761166353e-10,2.4141267187437116e-10,2.4140633839037325e-10,2.414029241391892e-10,2.414256329196796e-10
33,Wafer5_mid_200d_p3_n,5,CENTER,200.0,3,n,1.4606074902001717e-10,1.6852203611616324e-10,1.7919088818869065e-10,1.1933901105264878e-10,1.2497484122288175e-10,1.6918367118086807e-10,1.5837287361779467e-10,1.6260477519297341e-10,1.8053969633611942e-10,1.6309474817020366e-10,1.2496682599577212e-10,1.1389049327836971e-10,1.6119898624163134e-10,1.765453052064787e-10,1.5275170573300872e-10,1.6720195090863487e-10,1.423924187163399e-10,1.1165374968616323e-10,1.0728519813221623e-10,1.0597122364085504e-10,1.292466614262416e-10
34,Wafer5_mid_200d_p4_d,5,CENTER,200.0,4,d,2.4525318717069267e-10,2.448520122387714e-10,2.4449541165469133e-10,2.4414192873117593e-10,2.4378886713397735e-10,2.434538428497707e-10,2.43124155633726e-10,2.4282767186872006e-10,2.4254370443245715e-10,2.4224298559751515e-10,2.420469344150303e-10,2.418707228294358e-10,2.4168944999168487e-10,2.4164956168203005e-10,2.4156732488845495e-10,2.415728357492693e-10,2.415007573106975e-10,2.4152312026323343e-10,2.414993528610648e-10,2.415110516167281e-10,2.415330265025047e-10
36,Wafer5_mid_200d_p5_d,5,CENTER,200.0,5,d,2.3966148958054415e-10,2.393366954707873e-10,2.389328764888334e-10,2.3861175999732076e-10,2.382605841820306e-10,2.379088267752377e-10,2.376336223773259e-10,2.373475159660553e-10,2.3703171353851547e-10,2.3680178093120387e-10,2.365795290792339e-10,2.364161949123723e-10,2.3629076831563914e-10,2.361690104200144e-10,2.3621855866051074e-10,2.361454519705549e-10,2.36170214642327e-10,2.3613371123291045e-10,2.3610809808638376e-10,2.361271045585868e-10,2.361821438840117e-10
38,Wafer5_mid_200d_p6_d,5,CENTER,200.0,6,d,2.422461601352788e-10,2.418688172904985e-10,2.4158581630002886e-10,2.4118923961810953e-10,2.408884844918044e-10,2.4054847238976736e-10,2.40255770871816e-10,2.3993532377097826e-10,2.396724833382142e-10,2.3947179368849794e-10,2.392666605406427e-10,2.3908944483365244e-10,2.390250207991075e-10,2.389372028093646e-10,2.3890783951214785e-10,2.3884452359752765e-10,2.3887643755004516e-10,2.3881549190619324e-10,2.3889049174688955e-10,2.388785267836366e-10,2.3885301681837346e-10
39,Wafer5_mid_200d_p7,5,CENTER,200.0,7,,2.4350926205811034e-10,2.431361479624011e-10,2.4284674052961976e-10,2.4253825185879926e-10,2.4224709720432166e-10,2.4192880495279876e-10,2.41632141866337e-10,2.413964913188858e-10,2.4108900453384826e-10,2.4077244684836183e-10,2.4052990658212777e-10,2.403232945135302e-10,2.400191825395043e-10,2.398022177411993e-10,2.3954367620717603e-10,2.3936790974828477e-10,2.391682678813155e-10,2.3896202244147726e-10,2.388578575242611e-10,2.387608280066078e-10,2.3864112794596814e-10
331,Wafer6_M_200d_p1_d,6,CENTER,200.0,1,d,2.4684155344285493e-10,2.464852837328642e-10,2.460878811507533e-10,2.4579762278256105e-10,2.4550029839626794e-10,2.4514999327914633e-10,2.4485124147018624e-10,2.445738107992474e-10,2.443031807575863e-10,2.440692484520704e-10,2.438742023881099e-10,2.437201168498956e-10,2.4361822810524236e-10,2.4354026933166695e-10,2.434669015046639e-10,2.4337033696773545e-10,2.4337446139098286e-10,2.4333420647338987e-10,2.4334894881482975e-10,2.433206164656796e-10,2.4336311595821936e-10
332,Wafer6_M_200d_p2,6,CENTER,200.0,2,,2.405547719123777e-10,2.402389686977713e-10,2.399085182748963e-10,2.395746393381584e-10,2.392867005074749e-10,2.390082633743655e-10,2.386962035223875e-10,2.3841916307925135e-10,2.381501231508063e-10,2.37876013003019e-10,2.3758448598754384e-10,2.3736134479776736e-10,2.3710434077979163e-10,2.3683159532288977e-10,2.366420246205423e-10,2.364377427584858e-10,2.3626524343575805e-10,2.3610643598946633e-10,2.3600933597796254e-10,2.3597305593368293e-10,2.358762682179352e-10
333,Wafer6_M_200d_p3,6,CENTER,200.0,3,,2.492109106059454e-10,2.489096547135034e-10,2.4859504791100864e-10,2.4826445553031156e-10,2.480007428294944e-10,2.4771600239895697e-10,2.474361575651539e-10,2.471786893385311e-10,2.468902031677415e-10,2.4662223356097136e-10,2.4629639512822937e-10,2.460563330700109e-10,2.4584260130694935e-10,2.4555142724489625e-10,2.4535579647303543e-10,2.45159853504161e-10,2.4501531117879683e-10,2.448642961065839e-10,2.4473112224855155e-10,2.4465383045027647e-10,2.445135419665966e-10
507,Wafer6_L_200d_p1,6,LEFT,200.0,1,,2.4369763002319e-10,2.4336186414611e-10,2.427754437962146e-10,2.42475531011077e-10,2.4213654487415276e-10,2.4187408955082525e-10,2.4178363303463745e-10,2.4160226003031995e-10,2.412586134040149e-10,2.4101804132590695e-10,2.4075412606775063e-10,2.405258699839e-10,2.4025808849430363e-10,2.400680509578541e-10,2.3985784513957536e-10,2.396477051482259e-10,2.3950785156557147e-10,2.394253869798469e-10,2.3931944391084743e-10,2.392701791820239e-10,2.3921819414281806e-10
434,Wafer6_R_200d_p1_d,6,RIGHT,200.0,1,d,2.441577435165684e-10,2.4383627064867564e-10,2.4345647971528277e-10,2.431660194463443e-10,2.4279578253129303e-10,2.4246187427842806e-10,2.4218339086864096e-10,2.4190019262141046e-10,2.416101572116799e-10,2.4136032265285954e-10,2.411853666039214e-10,2.409942543436521e-10,2.4085887456417574e-10,2.407964729288158e-10,2.406807801488542e-10,2.407032259622438e-10,2.40657226575665e-10,2.4064359031908407e-10,2.4059943990865017e-10,2.4063211918300235e-10,2.4063102982208365e-10
435,Wafer6_R_200d_p2,6,RIGHT,200.0,2,,2.452578621157321e-10,2.4487772143880733e-10,2.445229365660786e-10,2.4425316403690596e-10,2.438989702617434e-10,2.436096618002631e-10,2.43330840062283e-10,2.4301746227432675e-10,2.427458108102471e-10,2.4246222813729707e-10,2.4213111535239267e-10,2.418996587355034e-10,2.416299828682065e-10,2.4140134069185194e-10,2.411446336914631e-10,2.408955277508558e-10,2.407551160507588e-10,2.4060815721981094e-10,2.404904968370677e-10,2.404511675009683e-10,2.403625109873307e-10
436,Wafer6_R_200d_p3,6,RIGHT,200.0,3,,2.452919239272422e-10,2.4492383245766736e-10,2.4460181275076903e-10,2.4425813530546493e-10,2.4396994167832943e-10,2.4366078694145095e-10,2.433417174180566e-10,2.4302435099256203e-10,2.4268609045311715e-10,2.423994456295619e-10,2.4213178383944974e-10,2.4185216474868286e-10,2.416146144526997e-10,2.4130476626791207e-10,2.4109373837088557e-10,2.4087508705157033e-10,2.40688909479244e-10,2.404770727632656e-10,2.40359235536675e-10,2.4028392185001773e-10,2.4022225909166445e-10
437,Wafer6_R_200d_p4,6,RIGHT,200.0,4,,2.483351072766481e-10,2.4801226448453606e-10,2.476976551513269e-10,2.473596576187484e-10,2.470014700280857e-10,2.4678490036024327e-10,2.4644769064366244e-10,2.4615704021196705e-10,2.458642556600202e-10,2.455891249138864e-10,2.4533057566304073e-10,2.4504461398569846e-10,2.4482065045300183e-10,2.4452050029942517e-10,2.442518509480525e-10,2.4408281658258064e-10,2.43963869894989e-10,2.437532275266641e-10,2.4364740620255383e-10,2.435826765350695e-10,2.4348988502951955e-10
495,Wafer6_T_200d_p1,6,TOP,200.0,1,,2.408689533974765e-10,2.404908007562918e-10,2.4020659273679514e-10,2.3996595175735054e-10,2.3965559388138256e-10,2.3936099104232476e-10,2.391062127987881e-10,2.388341113697532e-10,2.3857679680444447e-10,2.383105211927445e-10,2.380459986607855e-10,2.378120125449902e-10,2.3752920752205464e-10,2.3733695816697033e-10,2.3713740630915496e-10,2.3699279180557997e-10,2.3678440047708685e-10,2.3669464491467937e-10,2.36604948044261e-10,2.3651914742918486e-10,2.3649159422592386e-10
497,Wafer6_T_200d_p2,6,TOP,200.0,2,,2.419636818997554e-10,2.416273471052247e-10,2.4130278524372735e-10,2.410657869463235e-10,2.407850286297436e-10,2.404875786200203e-10,2.4016090560198806e-10,2.3992187341799967e-10,2.3966867373889724e-10,2.3942503119560573e-10,2.3912856220906314e-10,2.388940455585693e-10,2.3866991588288487e-10,2.384340371377697e-10,2.382676466819593e-10,2.3808852551151324e-10,2.3789842667434797e-10,2.3776295664149427e-10,2.376690275017829e-10,2.375950386509534e-10,2.375058825219627e-10
498,Wafer6_T_200d_p3,6,TOP,200.0,3,,2.378470330008697e-10,2.375411890240996e-10,2.372282756516044e-10,2.3689691482708993e-10,2.3664550887665813e-10,2.363532136043053e-10,2.360756014509724e-10,2.357480114371724e-10,2.355091664717583e-10,2.3517815332135845e-10,2.3494468800081843e-10,2.346621445459104e-10,2.3447829083929905e-10,2.342296813295819e-10,2.340034876040242e-10,2.3383603299651687e-10,2.3364703396779636e-10,2.3348963791587025e-10,2.3338363252475304e-10,2.3327644292516553e-10,2.332576627292528e-10
274,Wafer5_B_300d_p1,5,BOTTOM,300.0,1,,5.615961994137939e-10,5.607107138670978e-10,5.59984967619726e-10,5.59287215069153e-10,5.586530687598998e-10,5.580470848552657e-10,5.573464855492073e-10,5.566255040930248e-10,5.559639219471845e-10,5.553130427215268e-10,5.547025643530244e-10,5.540680335236374e-10,5.534338829554482e-10,5.528786089412386e-10,5.523180975140658e-10,5.518313844928969e-10,5.513942580117368e-10,5.509966890131096e-10,5.507285025271015e-10,5.504934610677117e-10,5.504390147509476e-10
275,Wafer5_B_300d_p2,5,BOTTOM,300.0,2,,5.640540991048167e-10,5.631615197472147e-10,5.624156445254829e-10,5.617480243049293e-10,5.610577875395392e-10,5.603907507817615e-10,5.598043888202379e-10,5.591428994259302e-10,5.585053427647745e-10,5.578594404000705e-10,5.573269820159401e-10,5.567669446951891e-10,5.561872846451823e-10,5.556399671000515e-10,5.551654621969704e-10,5.547450630211191e-10,5.542822215484602e-10,5.539879040396049e-10,5.537101968964691e-10,5.535006053392263e-10,5.534339355968766e-10
23,Wafer5_mid_300d_p1,5,CENTER,300.0,1,,5.548296817957106e-10,5.545217895628355e-10,5.541896570683262e-10,5.535363264091046e-10,5.528221378357372e-10,5.522792458891063e-10,5.517365601548585e-10,5.512917719269417e-10,5.5064321345266e-10,5.499641093150831e-10,5.493532268716928e-10,5.487276216194445e-10,5.480621080896387e-10,5.475452995232593e-10,5.470278335076567e-10,5.465091353990622e-10,5.460040649195433e-10,5.456706006551719e-10,5.4535173708297e-10,5.451252855447125e-10,5.449216911504238e-10
27,Wafer5_mid_300d_p2,5,CENTER,300.0,2,,5.582630002988474e-10,5.574258991595674e-10,5.566348589846376e-10,5.558852271529944e-10,5.551743404957415e-10,5.545148718394798e-10,5.538269547560106e-10,5.531494036423561e-10,5.525265288106888e-10,5.518364812037752e-10,5.512687199308258e-10,5.505758471723487e-10,5.499949226673243e-10,5.49414434333022e-10,5.488962184429036e-10,5.48391584893764e-10,5.479805472758638e-10,5.475351488785437e-10,5.472293930374283e-10,5.469611963266831e-10,5.467195567927101e-10
28,Wafer5_mid_300d_p3_d,5,CENTER,300.0,3,d,5.555159265073056e-10,5.54668551465999e-10,5.53822718717561e-10,5.530390334512465e-10,5.522925314701745e-10,5.515209956551854e-10,5.508762155823422e-10,5.501856658408367e-10,5.495216763233785e-10,5.489799146008401e-10,5.48541605517734e-10,5.481627650309391e-10,5.478958794218263e-10,5.476753349856587e-10,5.475611735002142e-10,5.474066735027647e-10,5.474111469662679e-10,5.474216947053125e-10,5.473742700769038e-10,5.474044586985216e-10,5.474044456559601e-10
29,Wafer5_mid_300d_p4,5,CENTER,300.0,4,,5.590599688797443e-10,5.581846195118939e-10,5.574007489561024e-10,5.567347970450886e-10,5.559912521206096e-10,5.552970028801384e-10,5.546324137211423e-10,5.53974215567433e-10,5.53354058944022e-10,5.527053022258549e-10,5.521306820614777e-10,5.515544412063648e-10,5.509742467792356e-10,5.5039602841248e-10,5.49853514630597e-10,5.494219696162733e-10,5.489416185990842e-10,5.486629353589517e-10,5.483380789875524e-10,5.48117817111506e-10,5.479409976958811e-10
512,Wafer6_L_300d_p1_d,6,LEFT,300.0,1,d,5.546028848345243e-10,5.537848219413956e-10,5.529783261792403e-10,5.522201548274699e-10,5.514910001252655e-10,5.507914520724346e-10,5.500708067792804e-10,5.494564758471095e-10,5.488654786664925e-10,5.483192171304649e-10,5.478260868622153e-10,5.474407188406616e-10,5.470977497662231e-10,5.469073327800177e-10,5.467540334565121e-10,5.466422294231368e-10,5.466058099363196e-10,5.465498924824207e-10,5.465236218174276e-10,5.465366040442469e-10,5.465120714750638e-10
513,Wafer6_L_300d_p2,6,LEFT,300.0,2,,5.597025973930218e-10,5.588794571016002e-10,5.582103399782484e-10,5.575136401575794e-10,5.567983048964991e-10,5.56251852027864e-10,5.556167333880419e-10,5.550296520255701e-10,5.543849914738844e-10,5.538209795684725e-10,5.532694285505016e-10,5.527138113590601e-10,5.521913328638233e-10,5.517305658267639e-10,5.51249855109194e-10,5.508688147524857e-10,5.504584741653963e-10,5.502123067125398e-10,5.499398585973142e-10,5.498463258660945e-10,5.496816735651282e-10
428,Wafer6_R_300d_p1_d,6,RIGHT,300.0,1,d,5.656335871027721e-10,5.648625499527464e-10,5.641434890082712e-10,5.634305317071912e-10,5.627410256785125e-10,5.620757612979178e-10,5.615018193975135e-10,5.609245104914772e-10,5.603895117540174e-10,5.599289867988387e-10,5.59492391290993e-10,5.591808346733926e-10,5.588933991308653e-10,5.586955454472273e-10,5.585262973902516e-10,5.584129670541239e-10,5.583567989054044e-10,5.582609732673263e-10,5.58270357331959e-10,5.582305248107627e-10,5.582509912638474e-10
488,Wafer6_T_300d_p1,6,TOP,300.0,1,,5.36505690984512e-10,5.357422417321654e-10,5.350803843905934e-10,5.344614945099343e-10,5.33841090560109e-10,5.332474878463063e-10,5.327094344136556e-10,5.32106439234948e-10,5.315676200683648e-10,5.310335927622502e-10,5.304373547767286e-10,5.299817553968527e-10,5.295401042721155e-10,5.290437131757523e-10,5.286262163599761e-10,5.282144053819263e-10,5.279034654995168e-10,5.276258714536116e-10,5.274154580429846e-10,5.272889096520796e-10,5.271747817517997e-10
489,Wafer6_T_300d_p2,6,TOP,300.0,2,,5.43881477155546e-10,5.4303163858884e-10,5.423442698365055e-10,5.416358120902643e-10,5.409431034269942e-10,5.402677830758663e-10,5.396686101184158e-10,5.38998603586715e-10,5.383548657737285e-10,5.377376151804821e-10,5.371211660659357e-10,5.365657318126521e-10,5.359709271371677e-10,5.354403524420273e-10,5.349420040348096e-10,5.344581560171897e-10,5.340556905643445e-10,5.33706332399557e-10,5.33477483943542e-10,5.332616548059939e-10,5.331363650138514e-10
491,Wafer6_T_300d_p3,6,TOP,300.0,3,,5.473274846794123e-10,5.465212272356401e-10,5.458362024288957e-10,5.451634560869822e-10,5.445095520539909e-10,5.43880048578475e-10,5.432240983797453e-10,5.426339975165602e-10,5.42022133169018e-10,5.414300155544429e-10,5.409295821568802e-10,5.403034551982636e-10,5.397762801104629e-10,5.392844554015957e-10,5.388114814614222e-10,5.383359888514776e-10,5.379705663021462e-10,5.376488559939318e-10,5.374573229389845e-10,5.372334975025756e-10,5.371453730309861e-10
281,Wafer5_B_400d_p1,5,BOTTOM,400.0,1,,1.0200532412659548e-09,1.0186592549031563e-09,1.0174792958492363e-09,1.0162332781217812e-09,1.015148682439584e-09,1.0140378184118227e-09,1.0129887532252937e-09,1.0119202495627673e-09,1.010927324592689e-09,1.0099337774213376e-09,1.008988425174689e-09,1.0080356393211494e-09,1.0071669774292742e-09,1.006315180925564e-09,1.0055296256591416e-09,1.0048016641188502e-09,1.0042187140268094e-09,1.0036505004001508e-09,1.0032243353867365e-09,1.0028898337330205e-09,1.002712196405935e-09
12,Wafer5_mid_400d,5,CENTER,400.0,1,,9.99885137778684e-10,9.983781403599179e-10,9.970111377538876e-10,9.957757675860244e-10,9.946211048770602e-10,9.933566814331281e-10,9.922063249922387e-10,9.9107694124315e-10,9.899500833531865e-10,9.888704881149309e-10,9.878202328730262e-10,9.868221221377733e-10,9.859197541076387e-10,9.849912067655695e-10,9.841902090838414e-10,9.834454137968779e-10,9.82849202728207e-10,9.822317922295145e-10,9.81820497415357e-10,9.814529243760273e-10,9.811661948673698e-10
13,Wafer5_mid_400d_p2,5,CENTER,400.0,2,,9.986962660872502e-10,9.972017642094889e-10,9.95862193385387e-10,9.946709316962267e-10,9.93410931702772e-10,9.922728113832547e-10,9.911153713276423e-10,9.899916135537004e-10,9.88797869399281e-10,9.876687657585647e-10,9.86601751305618e-10,9.853902553728898e-10,9.841870704044047e-10,9.828138906529205e-10,9.811875683269798e-10,9.791360955489773e-10,9.822515158963e-10,9.81682652388741e-10,9.811056178577805e-10,9.807265670495071e-10,9.804475771876428e-10
15,Wafer5_mid_400d_p3,5,CENTER,400.0,3,,9.941515239888424e-10,9.92597737773346e-10,9.91345487699894e-10,9.900256258695604e-10,9.889121124157635e-10,9.886566518417167e-10,9.87758593365611e-10,9.86653406960838e-10,9.855792827534021e-10,9.844526606692244e-10,9.834482059644534e-10,9.82441429738425e-10,9.814807661224936e-10,9.805133712293987e-10,9.79618851505021e-10,9.788159201867227e-10,9.780469716868612e-10,9.774706345241027e-10,9.769626295826043e-10,9.765478363798753e-10,9.762083805179655e-10
585,Wafer6_B_400_p1,6,BOTTOM,400.0,1,,1.0035471234503468e-09,1.0020213463970612e-09,1.0006616731373614e-09,9.993815124600023e-10,9.981947697200916e-10,9.970147079669085e-10,9.958899449176389e-10,9.947086732530086e-10,9.935646919167378e-10,9.924386246455201e-10,9.914213090573941e-10,9.903007303263378e-10,9.892796227890453e-10,9.883334881628398e-10,9.874748146399078e-10,9.86657930232913e-10,9.859768196059219e-10,9.85453233632802e-10,9.849835709085227e-10,9.847165766241392e-10,9.845162835271095e-10
589,Wafer6_B_400_p2,6,BOTTOM,400.0,2,,1.0149480767957865e-09,1.0136201039829207e-09,1.0124115716382895e-09,1.0112664125343142e-09,1.0101621340131459e-09,1.0091280032034997e-09,1.0079996790639348e-09,1.0070070252546328e-09,1.0060206134007604e-09,1.0050100416144628e-09,1.0040464721166177e-09,1.003112032182407e-09,1.002274429293229e-09,1.001385363280853e-09,1.0006472701241121e-09,9.999134818778231e-10,9.994090795706323e-10,9.988725475040804e-10,9.984538710429965e-10,9.981647032883933e-10,9.979501501942312e-10
341,Wafer6_M_400d_p1_d,6,CENTER,400.0,1,d,9.767980210478313e-10,9.75227001445261e-10,9.7374904242255e-10,9.723470735544334e-10,9.709696033278718e-10,9.696648329849879e-10,9.683365476171006e-10,9.67112252608468e-10,9.660094538979336e-10,9.649570598533803e-10,9.641164017323655e-10,9.634443060591487e-10,9.62942072581691e-10,9.62571386383986e-10,9.623424889560637e-10,9.621881138257712e-10,9.621114447659468e-10,9.620748201173864e-10,9.620081053322751e-10,9.619712248635401e-10,9.619481918343853e-10
342,Wafer6_M_400d_p2,6,CENTER,400.0,2,,9.926308369254554e-10,9.91109829603623e-10,9.89832314782172e-10,9.884647598809774e-10,9.872557745921688e-10,9.860355868916478e-10,9.848710915037246e-10,9.836808709828947e-10,9.825777464802086e-10,9.813975642513345e-10,9.803395958425468e-10,9.792586958180654e-10,9.782511634894945e-10,9.773095906762055e-10,9.763455872293675e-10,9.75571276201133e-10,9.748698430500894e-10,9.742652022118565e-10,9.737919073639402e-10,9.734942301008372e-10,9.731465841453401e-10
343,Wafer6_M_400d_p3,6,CENTER,400.0,3,,1.002613178680428e-09,1.0011189259848843e-09,9.998536052216768e-10,9.986190468245425e-10,9.974569805730488e-10,9.963073751852064e-10,9.951696826465116e-10,9.940773504567684e-10,9.929479281706378e-10,9.91938716379112e-10,9.908702931667278e-10,9.89870382907065e-10,9.888809462143392e-10,9.88044663428559e-10,9.871373608835778e-10,9.86344717071985e-10,9.85705615297827e-10,9.850840153491073e-10,9.846475225947543e-10,9.84284195312732e-10,9.84038709855111e-10
423,Wafer6_R_400d_p1,6,RIGHT,400.0,1,,9.860557936091229e-10,9.843905230271394e-10,9.82959251928688e-10,9.81678552665538e-10,9.803826604270024e-10,9.791084336579022e-10,9.778333974525333e-10,9.766896214005607e-10,9.754003275037366e-10,9.742067433734353e-10,9.730748636951965e-10,9.719197893211556e-10,9.707624831132123e-10,9.697466284865794e-10,9.68787085171256e-10,9.678858233487057e-10,9.67056611676562e-10,9.664986924256884e-10,9.659889706159857e-10,9.656969173497491e-10,9.654319830292071e-10
425,Wafer6_R_400d_p2,6,RIGHT,400.0,2,,1.0201920610079207e-09,1.0189442216078821e-09,1.017718952636147e-09,1.0166051056315541e-09,1.0155257790688967e-09,1.0144627832945415e-09,1.013505391045728e-09,1.012508989799481e-09,1.011516993045419e-09,1.010524067418169e-09,1.009652339553896e-09,1.0087085839240381e-09,1.0079484517309134e-09,1.0071133978570535e-09,1.0063939632254396e-09,1.0057557026010522e-09,1.0052155925534817e-09,1.004717963025645e-09,1.0043333087708436e-09,1.0041047067232059e-09,1.0038497633120944e-09
485,Wafer6_T_400d_p1,6,TOP,400.0,1,,9.93959798803396e-10,9.926456312720924e-10,9.916235814814771e-10,9.905485338043926e-10,9.892350178939979e-10,9.883699821444147e-10,9.874626595220758e-10,9.864752874944743e-10,9.85542915609958e-10,9.846600044283364e-10,9.838347102145405e-10,9.831031216063257e-10,9.822831888812854e-10,9.816310020568995e-10,9.809785116403182e-10,9.803187991166081e-10,9.794692468155928e-10,9.789407843295095e-10,9.785013131944523e-10,9.781354720229827e-10,9.77779707788251e-10
285,Wafer5_B_500d_p1,5,BOTTOM,500.0,1,,1.5902010110615646e-09,1.5880317148168213e-09,1.5860764571953305e-09,1.5841565987441336e-09,1.5824543789373518e-09,1.5807089957393756e-09,1.5790022267284405e-09,1.5773872923166796e-09,1.575715144284049e-09,1.5740737020565109e-09,1.5725618558440384e-09,1.5710864702572093e-09,1.5696525410508637e-09,1.5682741327444955e-09,1.567007950761966e-09,1.5658605142158517e-09,1.5648970698092693e-09,1.5640238107653951e-09,1.563339797888263e-09,1.562848400459786e-09,1.5624529853329514e-09
48,Wafer5_mid_500d_p1_d,5,CENTER,500.0,1,d,1.5640939528139679e-09,1.5619228836530514e-09,1.559920334299673e-09,1.5579832515248372e-09,1.5561497926015855e-09,1.5544607679702478e-09,1.5527444812523397e-09,1.551056527093828e-09,1.5495957849427713e-09,1.548248354545626e-09,1.5471613784607352e-09,1.5462040580567416e-09,1.5454529489739447e-09,1.5448434992648566e-09,1.544469913360232e-09,1.5442161362866678e-09,1.5440689129287501e-09,1.5439321563436412e-09,1.543919167098982e-09,1.543857504702184e-09,1.5439063575579637e-09
50,Wafer5_mid_500d_p2,5,CENTER,500.0,2,,1.5658720870194545e-09,1.5635725065705888e-09,1.561606965591508e-09,1.55965619637516e-09,1.5578856582159197e-09,1.5560261072379855e-09,1.5542884439153125e-09,1.5525972604302255e-09,1.5508704981825467e-09,1.5492408627192144e-09,1.5475845869810283e-09,1.5459890505389107e-09,1.5444334205196441e-09,1.542888362306079e-09,1.541523400156197e-09,1.5402510271353546e-09,1.539089575154575e-09,1.5381344817464984e-09,1.5373265718739788e-09,1.5366057048149375e-09,1.5362488285197437e-09
51,Wafer5_mid_500d_p3_d,5,CENTER,500.0,3,d,1.5579450388278435e-09,1.555583137304687e-09,1.553464464389301e-09,1.5513765074374427e-09,1.549393710515793e-09,1.5474416145318359e-09,1.5455663381819671e-09,1.5437325973719957e-09,1.5420843375512846e-09,1.5406049596188182e-09,1.539383444021208e-09,1.5383160050091614e-09,1.5375140125475075e-09,1.5369280937671767e-09,1.5365519279786811e-09,1.53625818845582e-09,1.5361202950731712e-09,1.5359869478127436e-09,1.5359538887550922e-09,1.5359060478050964e-09,1.5359177626208086e-09
54,Wafer5_mid_500d_p4_d,5,CENTER,500.0,4,d,1.5553957249792532e-09,1.5530347553214647e-09,1.550831977640718e-09,1.5487160776129852e-09,1.5466451942943178e-09,1.5445612866685485e-09,1.542601391863371e-09,1.54074013927138e-09,1.5390815378610442e-09,1.5375341265101857e-09,1.5362318938322423e-09,1.5352097266932255e-09,1.534357031965843e-09,1.5338494023473184e-09,1.533413246988273e-09,1.5331557079229567e-09,1.532956556050208e-09,1.5329300318748356e-09,1.5328726037101457e-09,1.5327952663332454e-09,1.5327791942915343e-09
55,Wafer5_mid_500d_p5,5,CENTER,500.0,5,,1.5671958338916372e-09,1.564921880384424e-09,1.5629085279479475e-09,1.5609613886457376e-09,1.5591542725246168e-09,1.5574201162345484e-09,1.5555905038561909e-09,1.553901052388672e-09,1.552215074550985e-09,1.5505480360351866e-09,1.5489449842262774e-09,1.5474120090237935e-09,1.5458667982558286e-09,1.544400014113885e-09,1.5430492275456789e-09,1.5417380597058911e-09,1.5406651227127107e-09,1.5397087533533872e-09,1.5389158085026946e-09,1.5382981848191473e-09,1.5378634739730306e-09
57,Wafer5_mid_500d_p6,5,CENTER,500.0,6,,1.533034859505711e-09,1.5313957211032324e-09,1.5302655937401825e-09,1.5304558504213201e-09,1.5287758371115875e-09,1.527287435267148e-09,1.5248736501121335e-09,1.5228480684593793e-09,1.5215514159392598e-09,1.5198904415963824e-09,1.5184156262674575e-09,1.5173351131144462e-09,1.5158635769708753e-09,1.5148043418663766e-09,1.513953072895559e-09,1.513204421492753e-09,1.5122960953570915e-09,1.5111211521545274e-09,1.5113314502413759e-09,1.511289301964988e-09,1.5108275857078753e-09
348,Wafer6_M_500d_p1_d,6,CENTER,500.0,1,d,1.5433659592800038e-09,1.5408197744133294e-09,1.5385052694712247e-09,1.5361864554938676e-09,1.5339724655150524e-09,1.531777660904814e-09,1.5296968578432075e-09,1.5277480546914926e-09,1.5258460281149194e-09,1.5241755618960986e-09,1.5227013613423557e-09,1.5215518931075467e-09,1.5206580774173212e-09,1.5200237671066839e-09,1.5195283852158472e-09,1.5192283570728823e-09,1.519065058163707e-09,1.5189207485491138e-09,1.5188417051414092e-09,1.5187558640916324e-09,1.5187069164234068e-09
349,Wafer6_M_500d_p2,6,CENTER,500.0,2,,1.575479634674808e-09,1.5732084397830544e-09,1.5712596472158165e-09,1.5694227686214908e-09,1.5676012147564902e-09,1.5658466173649586e-09,1.5640711180702914e-09,1.5623911375501052e-09,1.560716075175686e-09,1.5590945070387741e-09,1.557557889336655e-09,1.555961635200216e-09,1.5545369441487028e-09,1.553172282589193e-09,1.5518721439765816e-09,1.550757373310668e-09,1.5497884100807122e-09,1.5489399897178561e-09,1.5482054678697486e-09,1.5477753881648013e-09,1.5473408000143311e-09
350,Wafer6_M_500d_p3,6,CENTER,500.0,3,,1.5740770766044238e-09,1.5718880001436122e-09,1.5699223772304698e-09,1.5681229017453032e-09,1.5663067517751703e-09,1.5645016992726537e-09,1.5627008153250553e-09,1.5610286188951142e-09,1.559418534730069e-09,1.5578636226613035e-09,1.5562630004316678e-09,1.5548148880209034e-09,1.5532647407898467e-09,1.551955480108996e-09,1.5507376413883494e-09,1.5495646952054883e-09,1.5485483533295044e-09,1.547791361831106e-09,1.5471809783919676e-09,1.546646941944931e-09,1.5463133107914045e-09
417,Wafer6_R_500d_p1_d,6,RIGHT,500.0,1,d,1.5657578006654117e-09,1.5635133626182413e-09,1.5614381873138858e-09,1.5594027729234525e-09,1.557503827655914e-09,1.555636223935505e-09,1.553866466450404e-09,1.5521890033929078e-09,1.5505862999772616e-09,1.5491703122850675e-09,1.5480409739100517e-09,1.5470894693203892e-09,1.5463783427988353e-09,1.5457883345444843e-09,1.5454375350379958e-09,1.5451840862545178e-09,1.5449770988259396e-09,1.5448678141543536e-09,1.544774154698783e-09,1.5446891520260076e-09,1.5446745186366135e-09
418,Wafer6_R_500d_p2,6,RIGHT,500.0,2,,1.4780760307537071e-09,1.4751112541026701e-09,1.4724511871058038e-09,1.4697826127679669e-09,1.4673336545361276e-09,1.4648405252039627e-09,1.4623777764772041e-09,1.4600860885685197e-09,1.458029523451876e-09,1.4562173356691622e-09,1.4548546419138064e-09,1.4538799631565872e-09,1.4533104588142447e-09,1.4528679956801114e-09,1.452702707711967e-09,1.4526474381335703e-09,1.452583588992409e-09,1.452600531778403e-09,1.4525511564308398e-09,1.4526720375178488e-09,1.4526873266126242e-09
420,Wafer6_R_500d_p3,6,RIGHT,500.0,3,,1.5584173718104808e-09,1.5560013716717538e-09,1.5538260825042342e-09,1.5518047510709681e-09,1.54987376702193e-09,1.5479378405390556e-09,1.5460479509312249e-09,1.5442090260599299e-09,1.5423836693526526e-09,1.5405300422687093e-09,1.5388185337666192e-09,1.5370760630360199e-09,1.5354867555808187e-09,1.5339115021816765e-09,1.53252746609618e-09,1.5312118333762448e-09,1.5300624777308193e-09,1.5291651864342236e-09,1.5284462089074668e-09,1.5279170073359442e-09,1.5275014594625833e-09
477,Wafer6_T_500d_p1,6,TOP,500.0,1,,1.53574562825333e-09,1.5337672696782276e-09,1.5320623950677434e-09,1.5304851854504527e-09,1.5289325324981428e-09,1.5273701236381674e-09,1.5258844314066947e-09,1.5244938799650604e-09,1.5230708702451692e-09,1.5217297640381302e-09,1.5203958611605212e-09,1.519159483406009e-09,1.5179761195830266e-09,1.516929156218048e-09,1.5159958402170886e-09,1.5150832448602362e-09,1.5142941198414544e-09,1.5136836372617129e-09,1.5131869634391274e-09,1.512802116835152e-09,1.5125081500919918e-09
296,Wafer5_B_600d_p1,5,BOTTOM,600.0,1,,1.8473203844914843e-09,1.83855225389567e-09,1.8594772113407269e-09,1.858512259563301e-09,1.8618619754956866e-09,1.8612058280412837e-09,1.86272030798334e-09,1.8720219105344943e-09,1.8697412335024896e-09,1.8660335114587828e-09,1.8608853769908256e-09,1.8278912686454736e-09,1.8101655756754937e-09,1.7965946211417272e-09,1.8405745520542755e-09,1.878614313794991e-09,1.8767526098678806e-09,1.870659171530356e-09,1.8642756610181657e-09,1.8738234341399226e-09,1.9407917571041563e-09
58,Wafer5_mid_600d_p1,5,CENTER,600.0,1,,2.202253912261351e-09,2.1987152367588362e-09,2.196526871571593e-09,2.1940060376486933e-09,2.19176557002012e-09,2.18943786374091e-09,2.187293931360212e-09,2.1849249473383854e-09,2.1828444798268053e-09,2.180617878073532e-09,2.1783593060836273e-09,2.1761911913840885e-09,2.174138115271547e-09,2.1727290581406466e-09,2.17103903276699e-09,2.1692951365572513e-09,2.1677240727141903e-09,2.1663840192872018e-09,2.165144363525835e-09,2.1645780946999674e-09,2.1639463400764228e-09
63,Wafer5_mid_600d_p2,5,CENTER,600.0,2,,2.2147957149580254e-09,2.2111978049085507e-09,2.208001005691102e-09,2.2051144116562357e-09,2.202316606741451e-09,2.1994808703260542e-09,2.1967359761413016e-09,2.194186269197464e-09,2.191502171093902e-09,2.1889004626253966e-09,2.186325288569209e-09,2.183868249357356e-09,2.18137383824704e-09,2.1790428933435147e-09,2.1768868942904096e-09,2.1748152823545425e-09,2.173040315590175e-09,2.171474142458933e-09,2.170276441488781e-09,2.169308319285691e-09,2.168563552004851e-09
64,Wafer5_mid_600d_p3_d,5,CENTER,600.0,3,d,2.2425250502856124e-09,2.2391001597058886e-09,2.2360464851011447e-09,2.23303041159648e-09,2.230117835987264e-09,2.227340025899399e-09,2.224518694258053e-09,2.2220328227442935e-09,2.2196149718911578e-09,2.2174379562053256e-09,2.215566373265462e-09,2.214129438765617e-09,2.2129259001020365e-09,2.212088977715609e-09,2.211523296486091e-09,2.211164559262736e-09,2.2109087708141933e-09,2.210744668296858e-09,2.2106548102914895e-09,2.2106435203420322e-09,2.2106102176397868e-09
237,Wafer5_R_600d_p1_d,5,RIGHT,600.0,1,d,2.26699207736151e-09,2.263950252854637e-09,2.2611498234222834e-09,2.2585663182164945e-09,2.255998550942592e-09,2.253575042431031e-09,2.2511528361314908e-09,2.249041640291666e-09,2.2470135085652604e-09,2.245210639558087e-09,2.243653251733136e-09,2.2423589314124718e-09,2.241332539688054e-09,2.2405641031506036e-09,2.2400102603778e-09,2.2396302777694294e-09,2.2393829752086707e-09,2.239170522777529e-09,2.23907355461778e-09,2.238985352024275e-09,2.2389101193008332e-09
238,Wafer5_R_600d_p2,5,RIGHT,600.0,2,,2.1736784634607413e-09,2.170775564799358e-09,2.168111619897844e-09,2.165687093926342e-09,2.1633427807801307e-09,2.1610372798797814e-09,2.158829000431893e-09,2.1565678654578027e-09,2.1544683096037946e-09,2.1523843824125968e-09,2.1503976340070857e-09,2.1484069324024503e-09,2.1465129824829004e-09,2.144673324686241e-09,2.14303015887354e-09,2.1414445150106495e-09,2.1400821608606165e-09,2.1387585806171914e-09,2.137814546812921e-09,2.136903576840958e-09,2.1363262849464914e-09
192,Wafer5_T_600d_p1,5,TOP,600.0,1,,2.141761615901287e-09,2.1383083833313554e-09,2.1353751128117863e-09,2.1325945002291296e-09,2.129975739523182e-09,2.1273392196540065e-09,2.1248521690928593e-09,2.122378953914088e-09,2.1199061051703135e-09,2.117454567229129e-09,2.1151537232512257e-09,2.1128984046966185e-09,2.1106870726013807e-09,2.1085084019511616e-09,2.106527362187437e-09,2.1046938491667174e-09,2.103006575758633e-09,2.1015858025710067e-09,2.100398625168925e-09,2.096523946457148e-09,2.094068056739216e-09
596,Wafer6_B_600dep_p1,6,BOTTOM,600.0,1,d,2.2668610564345504e-09,2.263516277064187e-09,2.2604660454723303e-09,2.2574989663875963e-09,2.254659383126352e-09,2.2518272476024555e-09,2.2491179610495716e-09,2.2465971497920414e-09,2.244232913356731e-09,2.242132905212469e-09,2.2402695297209154e-09,2.2388159936516724e-09,2.2376284618834175e-09,2.2368104265858533e-09,2.2362365573826203e-09,2.235805609800297e-09,2.235542637779373e-09,2.2353462882783724e-09,2.2352568058404657e-09,2.235142393723712e-09,2.235082613147511e-09
597,Wafer6_B_600_p2,6,BOTTOM,600.0,2,,2.290995979809511e-09,2.287749669751971e-09,2.284917429871045e-09,2.2821404521231037e-09,2.2795980189111707e-09,2.2769434487243163e-09,2.274453555031043e-09,2.2719608515648912e-09,2.269565388069239e-09,2.267197081054698e-09,2.265012517538759e-09,2.2629187918895432e-09,2.260900373775705e-09,2.259038305363883e-09,2.2572932199022848e-09,2.25575340318456e-09,2.254386991689735e-09,2.253336087855759e-09,2.252412808757294e-09,2.251787903331145e-09,2.2512011250446386e-09
599,Wafer6_B_600_p3,6,BOTTOM,600.0,3,,2.285747182636098e-09,2.282508897955376e-09,2.2796624713711635e-09,2.276882701100435e-09,2.2742790107794408e-09,2.2715850875744854e-09,2.269029559388518e-09,2.2665665978559227e-09,2.2640755968619553e-09,2.261767269477634e-09,2.259495034648963e-09,2.2573270884194516e-09,2.2552548212759555e-09,2.253373459426448e-09,2.2515972964874366e-09,2.250099753067978e-09,2.248709528706296e-09,2.247613546178592e-09,2.2466703550400534e-09,2.2459633337753132e-09,2.2454355079566882e-09
603,Wafer6_B_600_p4,6,BOTTOM,600.0,4,,2.282028402784208e-09,2.278978939497283e-09,2.2760982484411044e-09,2.273459758506939e-09,2.2708840321104875e-09,2.2683860858876406e-09,2.2659163182732544e-09,2.263579173203163e-09,2.261275240736332e-09,2.2590097186743682e-09,2.25685116552986e-09,2.2547215826030864e-09,2.2526935146239257e-09,2.250724856093198e-09,2.2489600952823306e-09,2.2473916686513414e-09,2.2458775253843165e-09,2.24469945886768e-09,2.2435661672355157e-09,2.2426223394753337e-09,2.2421264287645293e-09
355,Wafer6_M_600d_p1,6,CENTER,600.0,1,,2.2787299025620394e-09,2.2756189493391986e-09,2.2728423395552327e-09,2.270263970789579e-09,2.267687514873492e-09,2.2652172547044554e-09,2.2627946505268285e-09,2.260431313386159e-09,2.2581547747054935e-09,2.2558469761540357e-09,2.2535750764323667e-09,2.2514685160084068e-09,2.2494167558342083e-09,2.2474621747998983e-09,2.245670577387261e-09,2.244028749075832e-09,2.242590894747719e-09,2.2413992117000863e-09,2.240377709523888e-09,2.2396639387147994e-09,2.239063378016745e-09
356,Wafer6_M_600d_p2,6,CENTER,600.0,2,,2.246866362646042e-09,2.2434647643454946e-09,2.240443247131143e-09,2.237551784162373e-09,2.234809949132344e-09,2.232071089978562e-09,2.2293042153120183e-09,2.2267491504701944e-09,2.224101519820603e-09,2.221571612960841e-09,2.219101796751147e-09,2.216639753461515e-09,2.2143528651293877e-09,2.2121542651178095e-09,2.2100864847166746e-09,2.2083218572135107e-09,2.206718685836299e-09,2.205359231643777e-09,2.2042935599097755e-09,2.2035231802391577e-09,2.2029432107877906e-09
357,Wafer6_M_600d_p3,6,CENTER,600.0,3,,2.2374680820183437e-09,2.2340665359511716e-09,2.2309246050681122e-09,2.2279914476945313e-09,2.225180744781522e-09,2.2224016907357904e-09,2.2196901643056353e-09,2.217079665774372e-09,2.214349669540245e-09,2.211833681142596e-09,2.209296688336275e-09,2.2068052307393516e-09,2.2044600124902883e-09,2.202192482989275e-09,2.2000306755807558e-09,2.198092549945779e-09,2.196324225567805e-09,2.1948707291252102e-09,2.1937396037156835e-09,2.1928688839336922e-09,2.192207811255575e-09
531,Wafer6_L_600_p1,6,LEFT,600.0,1,,2.2581205994490765e-09,2.257287762532748e-09,2.2540676357937466e-09,2.2516519690289992e-09,2.249298758044365e-09,2.249268957095606e-09,2.2457292063344743e-09,2.2434911301849046e-09,2.2424811526262247e-09,2.239480313029993e-09,2.2361398868476985e-09,2.2374690678781634e-09,2.235390873593936e-09,2.2332228726157242e-09,2.231436319370316e-09,2.2299903362240565e-09,2.2287646028407205e-09,2.226952827750064e-09,2.2265122958754685e-09,2.224162610908573e-09,2.223976779898576e-09
472,Wafer6_T_600d_p1_d,6,TOP,600.0,1,d,2.23146483219057e-09,2.2285632773396814e-09,2.225884427687398e-09,2.2233204589545857e-09,2.220804314211856e-09,2.2184876901723266e-09,2.2161543765101346e-09,2.2140168912800125e-09,2.2120420465939117e-09,2.2102507662441424e-09,2.2087554673441055e-09,2.207531030717923e-09,2.2064905039756708e-09,2.2057626440455896e-09,2.2051650086180534e-09,2.2048887506511213e-09,2.2045939169175584e-09,2.204445148724939e-09,2.2043439475276906e-09,2.204335868965275e-09,2.2043838472263982e-09
473,Wafer6_T_600d_p2,6,TOP,600.0,2,,2.2674888361997257e-09,2.2646665585860094e-09,2.2621743646163927e-09,2.259802424783949e-09,2.2575512464838615e-09,2.2553313569748034e-09,2.253222285545538e-09,2.251124354575208e-09,2.2490073574159884e-09,2.2470002003023108e-09,2.2450702937960818e-09,2.243234395761035e-09,2.241418837642539e-09,2.239735694439595e-09,2.2381391564831625e-09,2.2367310979889493e-09,2.23546758379482e-09,2.2344434226784194e-09,2.2335813185747167e-09,2.232890141206112e-09,2.232444994467625e-09
474,Wafer6_T_600d_p3,6,TOP,600.0,3,,2.2672449218060803e-09,2.264591865821809e-09,2.262131845218831e-09,2.2599669591861036e-09,2.257756855306846e-09,2.2556341213901053e-09,2.2535286301780776e-09,2.2514997545447543e-09,2.249507712620488e-09,2.2475829819330883e-09,2.2457300833929052e-09,2.2439342368732817e-09,2.242237454561063e-09,2.2406596000958862e-09,2.2391828839359794e-09,2.237863157320535e-09,2.2367570937300722e-09,2.2358417577870474e-09,2.2350324282407086e-09,2.2344445976728074e-09,2.2340144527141975e-09
70,Wafer5_mid_700d_p1_d,5,CENTER,700.0,1,d,3.0901734733565557e-09,3.0860234790787196e-09,3.08217997335524e-09,3.0785496557344145e-09,3.075046569783739e-09,3.0716436831202293e-09,3.068409472261678e-09,3.0653842729098003e-09,3.0625701966828707e-09,3.0601032210510435e-09,3.0578801219538307e-09,3.056070968600903e-09,3.054564202365832e-09,3.0535635628064866e-09,3.0528101973488133e-09,3.052228829169608e-09,3.051869864679915e-09,3.0516617226997115e-09,3.0515315806322775e-09,3.051434899735834e-09,3.0513713193155437e-09
72,Wafer5_mid_700d_p2,5,CENTER,700.0,2,,3.080447598930896e-09,3.076166852374848e-09,3.0722894015165204e-09,3.0686348658359e-09,3.0651412378879355e-09,3.0617007001681725e-09,3.0582554432223608e-09,3.054952598867152e-09,3.0517330740891024e-09,3.0485254666744336e-09,3.0455146972884536e-09,3.0425996537969593e-09,3.0397238680025586e-09,3.0370535142793876e-09,3.0345647093749273e-09,3.0323034431305283e-09,3.0303261953400655e-09,3.0287420979355126e-09,3.027336859422482e-09,3.0263083998882913e-09,3.025547261012929e-09
75,Wafer5_mid_700d_p3,5,CENTER,700.0,3,,3.0787891518145282e-09,3.0742559531259755e-09,3.070231390990624e-09,3.0664653032118172e-09,3.0628959262735014e-09,3.059387741969292e-09,3.0558965734987147e-09,3.0524244874223787e-09,3.049100499857727e-09,3.0458276803475304e-09,3.0425811697613246e-09,3.039510852626457e-09,3.0364942831400386e-09,3.033639276855512e-09,3.030978487685766e-09,3.0284760405277594e-09,3.0263857288685076e-09,3.0245071719896456e-09,3.0230579894453035e-09,3.0218990989062855e-09,3.021069306204045e-09
76,Wafer5_mid_700d_p4_d,5,CENTER,700.0,4,d,3.0683877574379254e-09,3.0637609497544507e-09,3.0596490874586263e-09,3.055474879759937e-09,3.0515988834032176e-09,3.04781867142858e-09,3.0440812356716743e-09,3.040610686422695e-09,3.0374469192477632e-09,3.0344528836182303e-09,3.0319899868518905e-09,3.0299238242683726e-09,3.0283995677579186e-09,3.027136999009554e-09,3.0263482354238776e-09,3.0258101030476973e-09,3.025495349062012e-09,3.0252730179851763e-09,3.0251075369111326e-09,3.025024736974917e-09,3.0249576037280752e-09
81,Wafer5_mid_700d_p5_d,5,CENTER,700.0,5,d,3.05142209488543e-09,3.0467894309674747e-09,3.0426399372186808e-09,3.0385499399186366e-09,3.0346543046146713e-09,3.03087012225604e-09,3.027255142831414e-09,3.0238265266630152e-09,3.0205850840994747e-09,3.017716589016219e-09,3.0153153334127362e-09,3.013417441528961e-09,3.0118691915270045e-09,3.0106856313834607e-09,3.0099873917499428e-09,3.0095068998456354e-09,3.0091725166319823e-09,3.0089695900765004e-09,3.0087826393841047e-09,3.008715693976497e-09,3.00861733663554e-09
85,Wafer5_mid_700d_p6_d,5,CENTER,700.0,6,d,3.055314052243882e-09,3.050653645984058e-09,3.0464025530542248e-09,3.0423407917066507e-09,3.0384893558969136e-09,3.0346190668375655e-09,3.030950760347618e-09,3.027488361575147e-09,3.0242478070763294e-09,3.0213735053688093e-09,3.0189290203981822e-09,3.016796336250861e-09,3.01521996332019e-09,3.014068145380033e-09,3.0132393982681485e-09,3.01276176402944e-09,3.012410983911194e-09,3.0121520613389124e-09,3.0120492958711746e-09,3.012032805847061e-09,3.0119401559339686e-09
133,Wafer5_L_700d_p1,5,LEFT,700.0,1,,3.084344364670522e-09,3.0799835750622286e-09,3.0761809509398223e-09,3.072579810771325e-09,3.069152458393798e-09,3.065750577507863e-09,3.062446455139833e-09,3.05926043504725e-09,3.056102163025548e-09,3.0529800680816425e-09,3.049998613010282e-09,3.0470304787385566e-09,3.0442366459448934e-09,3.04149464270489e-09,3.0389460585863636e-09,3.0365946599676765e-09,3.0345741635775315e-09,3.03275517967204e-09,3.0313130205758035e-09,3.0301089747525705e-09,3.0293001399643527e-09
244,Wafer5_R_700d_p1,5,RIGHT,700.0,1,,2.8589580693063823e-09,2.8551376408692344e-09,2.8518786809086105e-09,2.8487023982620057e-09,2.8457732411593637e-09,2.842821851052486e-09,2.8399634704373884e-09,2.8372327481462537e-09,2.8345211272212775e-09,2.831874153147207e-09,2.829280989811181e-09,2.8268082686531436e-09,2.8243833893661606e-09,2.8220841058727308e-09,2.819956139990129e-09,2.8179573041262408e-09,2.8161764425196157e-09,2.8146533283963505e-09,2.8132967429934473e-09,2.8123394913181957e-09,2.811478781577801e-09
605,Wafer6_B_700_p1,6,BOTTOM,700.0,1,,3.109086997207774e-09,3.1050728101630557e-09,3.1014732535651123e-09,3.0979757103242546e-09,3.0946997946033595e-09,3.091526662283455e-09,3.0883349136443365e-09,3.0852731583477667e-09,3.082219913293308e-09,3.0792636274190416e-09,3.0764395544794035e-09,3.073725062443412e-09,3.07108734805742e-09,3.0685366982144194e-09,3.0662547222029004e-09,3.064137745262371e-09,3.0623406652292134e-09,3.060776890323716e-09,3.059551538641531e-09,3.0586029128879937e-09,3.0579004345713e-09
611,Wafer6_B_700_p2,6,BOTTOM,700.0,2,,3.0984281506286505e-09,3.094230770269378e-09,3.090449715170237e-09,3.0868786415394805e-09,3.083439162596379e-09,3.0800941209249695e-09,3.076804476751452e-09,3.0736261532989715e-09,3.0704546574260496e-09,3.0673359851945228e-09,3.0643739375384437e-09,3.061491840678106e-09,3.058868895572708e-09,3.0562771361226932e-09,3.053933398512396e-09,3.0517604506696486e-09,3.0498728727785457e-09,3.048301970123527e-09,3.047078291385736e-09,3.0461275748653108e-09,3.0454090848757816e-09
360,Wafer6_M_700d_p1,6,CENTER,700.0,1,,3.0979756673636745e-09,3.093996474344004e-09,3.0904472078576965e-09,3.086930792250776e-09,3.0819440815345625e-09,3.078622462758178e-09,3.0754010795691822e-09,3.071977676160289e-09,3.0692537397642325e-09,3.068696147199263e-09,3.0658563399814776e-09,3.0631338730347594e-09,3.0603864534567904e-09,3.0578871449449053e-09,3.054497094050285e-09,3.0523017853297393e-09,3.050403717445231e-09,3.048750722035594e-09,3.0474593256217825e-09,3.0464245323727606e-09,3.0456425452613096e-09
539,Wafer6_L_700d_p1,6,LEFT,700.0,1,,3.1330132903749338e-09,3.1292991225460393e-09,3.1258791769330906e-09,3.1226301626343774e-09,3.119561525734516e-09,3.1165517666642335e-09,3.1137088666420625e-09,3.110940837344668e-09,3.108468775790173e-09,3.106185542448409e-09,3.1041784358657244e-09,3.1024886221416345e-09,3.1011203826583477e-09,3.1000162695724005e-09,3.099220074003394e-09,3.09862730772182e-09,3.0982022394010873e-09,3.097908644218943e-09,3.0977280199866134e-09,3.0976192493948054e-09,3.0975925511323026e-09
540,Wafer6_L_700_p2,6,LEFT,700.0,2,,3.1089159110427e-09,3.1052276872696334e-09,3.10184410353548e-09,3.0985536575920057e-09,3.095475663656907e-09,3.092489486421512e-09,3.089534009547498e-09,3.0867937691414584e-09,3.0840540044612307e-09,3.081348122621679e-09,3.0788201099487857e-09,3.0764495488299103e-09,3.0741906977789484e-09,3.072050295751298e-09,3.0702109846479176e-09,3.0685651440440175e-09,3.06711929922592e-09,3.065938197409654e-09,3.0650329069799123e-09,3.0644085623973935e-09,3.0638841492641278e-09
541,Wafer6_L_700_p3,6,LEFT,700.0,3,,3.122415784976277e-09,3.118756441702382e-09,3.115629765336526e-09,3.1135140813973234e-09,3.1110318423318045e-09,3.10794070018705e-09,3.1034044607170517e-09,3.1021219252909217e-09,3.0994286123306096e-09,3.0968324132178183e-09,3.094284154212543e-09,3.0919235329282355e-09,3.0897005485022133e-09,3.087672308299927e-09,3.0858670453135666e-09,3.0842597797334676e-09,3.08258506202858e-09,3.0813871516154678e-09,3.080409156477652e-09,3.079596207865378e-09,3.0790171065198933e-09
543,Wafer6_L_700_p4,6,LEFT,700.0,4,,3.9776146182874915e-09,3.972591946264655e-09,3.968158003826235e-09,3.963896114731063e-09,3.959818659638686e-09,3.955903897994464e-09,3.9520454761930985e-09,3.948316717426447e-09,3.944564572247387e-09,3.940994181990102e-09,3.937507041198736e-09,3.9342051208653934e-09,3.93104943255643e-09,3.92797104855442e-09,3.925099060850439e-09,3.92242180348135e-09,3.920121894865518e-09,3.918042999594574e-09,3.9162698409028795e-09,3.914861442859343e-09,3.913805387958687e-09
403,Wafer6_R_700d_p1,6,RIGHT,700.0,1,,3.1259921778936984e-09,3.1222497212364663e-09,3.118905995757083e-09,3.115701943498541e-09,3.1126236805353217e-09,3.109649812293076e-09,3.106756396349262e-09,3.103989933295398e-09,3.1012722965084656e-09,3.098646255448211e-09,3.0960096694828706e-09,3.0936772169599913e-09,3.0913428001243834e-09,3.0891221784824995e-09,3.0872375092090892e-09,3.085512973419307e-09,3.0839438086285815e-09,3.0827030381132908e-09,3.081669363160793e-09,3.0808484427934665e-09,3.080249715666332e-09
405,Wafer6_R_700d_p2,6,RIGHT,700.0,2,,3.061683399363077e-09,3.057925067236296e-09,3.0545654934338448e-09,3.0513790882011226e-09,3.0482806389797754e-09,3.044969097982526e-09,3.0419501523283354e-09,3.0390665749387213e-09,3.0360098735842664e-09,3.0332824862783223e-09,3.0304875617079016e-09,3.0279206741291685e-09,3.025415012237487e-09,3.023098122542266e-09,3.020924844026577e-09,3.018961057977741e-09,3.017211324741415e-09,3.0159061401769157e-09,3.014775761260183e-09,3.013963671139071e-09,3.0133699722942892e-09
88,Wafer5_mid_800d_p1_d,5,CENTER,800.0,1,d,4.002131325196455e-09,3.99638143937695e-09,3.991258142319676e-09,3.986203779559399e-09,3.9813058245967806e-09,3.9765803583858545e-09,3.972069478712957e-09,3.967847764785691e-09,3.9638985200517645e-09,3.96044132970708e-09,3.95739803223665e-09,3.95494174101464e-09,3.95302659242382e-09,3.951632310895996e-09,3.950640210341013e-09,3.9499563697346525e-09,3.949507414163647e-09,3.949303339976179e-09,3.94902424913931e-09,3.948938568025694e-09,3.948809558150358e-09
93,Wafer5_mid_800d_p2,5,CENTER,800.0,2,,4.022291178873087e-09,4.016478084666898e-09,4.011367489238914e-09,4.006422660570971e-09,4.0017444757666435e-09,3.996956535478294e-09,3.992822351718225e-09,3.989782203840206e-09,3.985548452148959e-09,3.9812650452860825e-09,3.97734178757271e-09,3.97337495458377e-09,3.969565125901812e-09,3.965812986983375e-09,3.962482407192523e-09,3.959298982863198e-09,3.956638295480021e-09,3.954291169765154e-09,3.952324477898008e-09,3.950823772354905e-09,3.949712477421051e-09
94,Wafer5_mid_800d_p3_d,5,CENTER,800.0,3,d,3.965329999992808e-09,3.959590287638088e-09,3.954421806068196e-09,3.9491991068644874e-09,3.944244939739961e-09,3.939490316907449e-09,3.934963352250933e-09,3.930597609051498e-09,3.9265694265329136e-09,3.922979512352935e-09,3.919848489466369e-09,3.917335285301264e-09,3.915317528501637e-09,3.913768161357698e-09,3.912764459326e-09,3.9121345837695216e-09,3.911711585862518e-09,3.911486489014699e-09,3.911343542039792e-09,3.911339720658046e-09,3.9113229508427306e-09
95,Wafer5_mid_800d_p4,5,CENTER,800.0,4,,4.008182825355181e-09,4.002263817639993e-09,3.997031780810977e-09,3.992139056611305e-09,3.987396558109033e-09,3.9827353161047135e-09,3.978166869476372e-09,3.9737552230218926e-09,3.969295998348333e-09,3.964936687740178e-09,3.9608014066152804e-09,3.956717525768203e-09,3.952732378291566e-09,3.948982545377153e-09,3.945446120769606e-09,3.942258706519435e-09,3.939289084866133e-09,3.936834517304391e-09,3.9347441121706885e-09,3.933256211916146e-09,3.9320980853501465e-09
96,Wafer5_mid_800d_p5_d,5,CENTER,800.0,5,d,4.004765935492763e-09,3.999228592668756e-09,3.994054545556031e-09,3.9890756629481835e-09,3.984263290463913e-09,3.979628714159854e-09,3.9752423952588435e-09,3.971147923942369e-09,3.9672005404595315e-09,3.963794352566446e-09,3.960677268432179e-09,3.958191819411475e-09,3.95618859043e-09,3.9547994565316814e-09,3.953727454586435e-09,3.952968037321592e-09,3.952551901671938e-09,3.952267571642527e-09,3.9521031751085515e-09,3.9519513024587826e-09,3.9519395125010145e-09
548,Wafer6_L_800_p1,6,LEFT,800.0,1,,5.158098981932413e-09,5.151718404245298e-09,5.146100367967124e-09,5.1407075727314474e-09,5.135455031958616e-09,5.130450862749646e-09,5.1254716106344575e-09,5.12075933744674e-09,5.116017017977543e-09,5.111436908527451e-09,5.1070617484959785e-09,5.102832160546277e-09,5.098888205996743e-09,5.094977869336175e-09,5.091533840664494e-09,5.088490139341918e-09,5.085539102957446e-09,5.083453555650093e-09,5.0814642970976475e-09,5.080105753766272e-09,5.079036136190748e-09
550,Wafer6_L_800_p2,6,LEFT,800.0,2,,5.12771819780405e-09,5.121519839314605e-09,5.115955695613666e-09,5.11076153329349e-09,5.105709791254286e-09,5.100692503783477e-09,5.0959249620728e-09,5.09131941477494e-09,5.086682209851343e-09,5.082351413791018e-09,5.078232779463396e-09,5.074264459834088e-09,5.0705570623443064e-09,5.0670985368003935e-09,5.0639836311434076e-09,5.061206007003169e-09,5.058839745866204e-09,5.05694594820584e-09,5.055389556743596e-09,5.054197113501883e-09,5.053296161102723e-09
398,Wafer6_R_800d_p1_d,6,RIGHT,800.0,1,d,3.930086558774122e-09,3.9239031736288425e-09,3.9182155276931904e-09,3.9126735752538615e-09,3.907357262850955e-09,3.902124066777998e-09,3.897098860833019e-09,3.892350286805595e-09,3.88788238998747e-09,3.883867799158817e-09,3.880446739608501e-09,3.877680848252443e-09,3.875448496435727e-09,3.87381251957667e-09,3.872718402857534e-09,3.871965918581831e-09,3.871548691581995e-09,3.871276753397076e-09,3.871108582417662e-09,3.871067331973404e-09,3.871050791640422e-09
399,Wafer6_R_800d_p2,6,RIGHT,800.0,2,,4.026987348836836e-09,4.021615153769029e-09,4.016671080310951e-09,4.012035235783916e-09,4.007574223788906e-09,4.003146296556802e-09,3.9989221023765105e-09,3.994752736212057e-09,3.990556006660046e-09,3.986561356882358e-09,3.982728887983657e-09,3.979068408733542e-09,3.975471821484365e-09,3.972214920597469e-09,3.969213939359293e-09,3.966586090602418e-09,3.9642849496692665e-09,3.962396383121347e-09,3.9608873065763765e-09,3.959680824013119e-09,3.958815222443944e-09
401,Wafer6_R_800d_p3,6,RIGHT,800.0,3,,4.060105706261421e-09,4.054835446156108e-09,4.050257600811584e-09,4.045859949731629e-09,4.041631719410015e-09,4.037462245213419e-09,4.033447817212308e-09,4.029523528771928e-09,4.025737069699777e-09,4.0219662025891294e-09,4.018382538781229e-09,4.01501747337253e-09,4.011637120074154e-09,4.008601981991877e-09,4.005716030127896e-09,4.003126933969097e-09,4.00088342050159e-09,3.999021202875828e-09,3.997474815254982e-09,3.9962901843421374e-09,3.995434407486085e-09
461,Wafer6_T_800d_p1,6,TOP,800.0,1,,3.993686897121979e-09,3.988512593417057e-09,3.983886304994506e-09,3.97949874242955e-09,3.975464383307166e-09,3.97133590711073e-09,3.967273735009765e-09,3.963424841989118e-09,3.959676246914119e-09,3.95597789185358e-09,3.952402631576587e-09,3.9489147862152275e-09,3.945545176817776e-09,3.942379830060364e-09,3.939525624900877e-09,3.936800421895285e-09,3.934593245364399e-09,3.93257682198116e-09,3.931019939214374e-09,3.929740398688669e-09,3.928951332734055e-09
315,Wafer5_B_900d_p1_d,5,BOTTOM,900.0,1,d,5.2240423475991285e-09,5.217519232395644e-09,5.211632146341798e-09,5.2059831319262716e-09,5.200664366179827e-09,5.1954197374807796e-09,5.190406357063698e-09,5.18583788270647e-09,5.181420545258904e-09,5.177573530594067e-09,5.174222619458571e-09,5.171452358708885e-09,5.169136564930082e-09,5.167360410816285e-09,5.1661158942859425e-09,5.165138301257486e-09,5.164393345968507e-09,5.163906593149988e-09,5.163513996808167e-09,5.163247701838317e-09,5.163125156149897e-09
316,Wafer5_B_900d_p2,5,BOTTOM,900.0,2,,5.200930584290113e-09,5.194347141614413e-09,5.188471934372158e-09,5.182871926704832e-09,5.177515633029145e-09,5.172234384993459e-09,5.167222396698329e-09,5.162219899698574e-09,5.157488351781325e-09,5.152687257049917e-09,5.148208987048694e-09,5.143951620449047e-09,5.139900687832421e-09,5.136075230511302e-09,5.132568392972408e-09,5.129415604297882e-09,5.126734840592117e-09,5.124359797479364e-09,5.12248846221289e-09,5.120964720639542e-09,5.119723015699857e-09
98,Wafer5_mid_900d_p1,5,CENTER,900.0,1,,5.108280466887019e-09,5.101325000124505e-09,5.095211688390287e-09,5.089367557524281e-09,5.0837278316230845e-09,5.0781478401824274e-09,5.072838576668224e-09,5.0675896643667295e-09,5.0624563695762805e-09,5.0573420679342824e-09,5.052591633910664e-09,5.047952811885852e-09,5.043362728473614e-09,5.039017734235156e-09,5.035282885374735e-09,5.031690984762697e-09,5.028479012726064e-09,5.025853089732822e-09,5.023587411346137e-09,5.021808828447763e-09,5.0204871683891385e-09
100,Wafer5_mid_900d_p2_d,5,CENTER,900.0,2,d,5.04097322403204e-09,5.033340919562368e-09,5.026237448930649e-09,5.019429338463386e-09,5.012807370965267e-09,5.0063213420462566e-09,5.000121818122278e-09,4.9942559077289254e-09,4.98875726412241e-09,4.983724331846482e-09,4.9794686192924574e-09,4.975869322876983e-09,4.9731168906783885e-09,4.971115007351518e-09,4.969752614525172e-09,4.968794404462284e-09,4.968285287884851e-09,4.967876923301808e-09,4.9676852119352046e-09,4.967438287648223e-09,4.967341336170338e-09
101,Wafer5_mid_900d_p3,5,CENTER,900.0,3,,4.755516544691307e-09,4.74904643446134e-09,4.7429497158387455e-09,4.737255406497192e-09,4.731937509446731e-09,4.722696698989939e-09,4.716804613469325e-09,4.710247027272364e-09,4.7049001753398064e-09,4.699815636010945e-09,4.694853718196327e-09,4.690135685680343e-09,4.685481601659271e-09,4.6763798621117716e-09,4.665246119324407e-09,4.661901841839742e-09,4.659114145573088e-09,4.657488262810063e-09,4.655651823266256e-09,4.646017987820767e-09,4.639176007093114e-09
103,Wafer5_mid_900d_p4_d,5,CENTER,900.0,4,d,5.073245763049798e-09,5.065667558270625e-09,5.0587833125101294e-09,5.0520860248801854e-09,5.045625017626944e-09,5.039358555749597e-09,5.033308318049755e-09,5.027755033632587e-09,5.022391857906333e-09,5.01763373625372e-09,5.0136417295150154e-09,5.010198782787079e-09,5.0075832800033955e-09,5.0056279418518855e-09,5.004354927317777e-09,5.003421882819135e-09,5.002783988781559e-09,5.002363920336777e-09,5.0020531776760996e-09,5.001889200531097e-09,5.0018123908844106e-09
104,Wafer5_mid_900d_p5,5,CENTER,900.0,5,,4.994802664398714e-09,4.987434318295131e-09,4.981682963537949e-09,4.975526501073088e-09,4.9699068186908326e-09,4.964269691782517e-09,4.958908844836291e-09,4.953855820718811e-09,4.948609276895177e-09,4.943760402767644e-09,4.939330477023367e-09,4.9341845465209774e-09,4.930091074592431e-09,4.925803605249887e-09,4.9215214634431936e-09,4.918765974950501e-09,4.913642497371709e-09,4.912287059798857e-09,4.909802082398544e-09,4.9082539552341705e-09,4.907219108540539e-09
254,Wafer5_R_900d_p1,5,RIGHT,900.0,1,,5.056212604683192e-09,5.0505189815367205e-09,5.0445694768804466e-09,5.0389396636871726e-09,5.033394089514356e-09,5.028379558295131e-09,5.023187942963353e-09,5.0184998173694854e-09,5.014341039788971e-09,5.010517032824225e-09,5.007153548988676e-09,5.00471121901695e-09,5.002767989121235e-09,4.999862196293224e-09,4.999193875891173e-09,4.999474610955187e-09,4.999244505595823e-09,4.9988756140094045e-09,4.998664708441175e-09,4.998473724388613e-09,4.9980861252114556e-09
256,Wafer5_R_900d_p2,5,RIGHT,900.0,2,,4.68673190494927e-09,4.682085172235471e-09,4.676921282106681e-09,4.672046225187723e-09,4.667191364343143e-09,4.662635897130431e-09,4.658088095683323e-09,4.654107478851648e-09,4.649888028145674e-09,4.646043046173063e-09,4.642100802519957e-09,4.638847046602648e-09,4.63503668849818e-09,4.631889355984407e-09,4.629301202294862e-09,4.626559293409647e-09,4.623242571533085e-09,4.621860597339055e-09,4.6208859783449605e-09,4.6200437247473266e-09,4.619621288363276e-09
457,Wafer6_T_900d_p1,6,TOP,900.0,1,,5.0179315435816115e-09,5.0120069735486246e-09,5.00639687483927e-09,5.000775014783248e-09,4.995709452753221e-09,4.99070140571258e-09,4.987157404790912e-09,4.983218857731533e-09,4.978690195402237e-09,4.974396929210343e-09,4.970425510799522e-09,4.966493485976283e-09,4.962443849971652e-09,4.959289480929905e-09,4.955980483260014e-09,4.953140911447783e-09,4.952016727386726e-09,4.95670772193268e-09,4.9580594472926176e-09,4.9648802916659916e-09,4.962972826876881e-09
317,Wafer5_B_1000d_p1,5,BOTTOM,1000.0,1,,6.441123204546757e-09,6.432873865904913e-09,6.425675626460084e-09,6.418696429976737e-09,6.412109790540781e-09,6.405555674695465e-09,6.399239508297362e-09,6.393058011221311e-09,6.3870415892931284e-09,6.381177360720325e-09,6.375522999390315e-09,6.370152241098029e-09,6.364911144648962e-09,6.36001507421166e-09,6.355357804972126e-09,6.351178955469119e-09,6.347434670012601e-09,6.3442111171254626e-09,6.34150498552588e-09,6.339439461090855e-09,6.337738669465168e-09
318,Wafer5_B_1000d_p2,5,BOTTOM,1000.0,2,,5.796910778840541e-09,5.791121781528058e-09,5.77982917161849e-09,5.771124572360002e-09,5.76545229656616e-09,5.761925558829843e-09,5.766618721569384e-09,5.760443510376999e-09,5.754939711333798e-09,5.7590144608732024e-09,5.757344489500998e-09,5.751124872758513e-09,5.753047873306772e-09,5.74497491146709e-09,5.749986058520246e-09,5.750807466768823e-09,5.7474257163962775e-09,5.7497391878427386e-09,5.744296293586827e-09,5.740864489320885e-09,5.735659812963577e-09
320,Wafer5_B_1000d_p3,5,BOTTOM,1000.0,3,,6.469380127442303e-09,6.462064782558e-09,6.45544550449657e-09,6.44921757929868e-09,6.4433445192909495e-09,6.437491813080237e-09,6.431892122970604e-09,6.4264817020540066e-09,6.421150403190442e-09,6.416101791501196e-09,6.411159131543317e-09,6.406498032603722e-09,6.4019091236677375e-09,6.397616102386218e-09,6.393710288470094e-09,6.390085348194347e-09,6.386937304236918e-09,6.384018389557736e-09,6.381687902904353e-09,6.3797063326347705e-09,6.378260471202352e-09
113,Wafer5_L_1000d_p1,5,LEFT,1000.0,1,,6.320803306693673e-09,6.312530857217543e-09,6.305391768000288e-09,6.298695320486652e-09,6.292244871634732e-09,6.285968694505617e-09,6.2796600367810895e-09,6.273710277789118e-09,6.2677469996284006e-09,6.2619773972838444e-09,6.256598102244645e-09,6.251129675964136e-09,6.2460193056341866e-09,6.240792542332933e-09,6.236203068008172e-09,6.231967944882436e-09,6.228455625199359e-09,6.2253307977708615e-09,6.22262001503487e-09,6.220545666934813e-09,6.219026519330003e-09
114,Wafer5_L_1000d_p2_d,5,LEFT,1000.0,2,d,6.2360527247297215e-09,6.2271820166601515e-09,6.219113330529165e-09,6.2113429528012665e-09,6.203888951354395e-09,6.196548446007213e-09,6.189499986056892e-09,6.182901246732629e-09,6.1768016846551935e-09,6.171254281756922e-09,6.166564309246838e-09,6.162655684312231e-09,6.1595430365904e-09,6.15727170031866e-09,6.155699945896231e-09,6.154610839887112e-09,6.153825393886753e-09,6.1533461948529035e-09,6.152950626319739e-09,6.1527132885692384e-09,6.1525574392788965e-09
258,Wafer5_R_1000d_p1,5,RIGHT,1000.0,1,,6.000456273181207e-09,5.991353396089021e-09,5.983362995399785e-09,5.975886556934228e-09,5.96858685744302e-09,5.961383276058324e-09,5.9544153811216605e-09,5.947529739950046e-09,5.940782658559457e-09,5.934112348038615e-09,5.92772081984417e-09,5.921512294214909e-09,5.91555240095798e-09,5.909947076479715e-09,5.904774141326762e-09,5.90017633874336e-09,5.8960307317716295e-09,5.892584217938792e-09,5.88969769446896e-09,5.887433386809999e-09,5.885753733172104e-09
627,Wafer6_B_1000dep_p1,6,BOTTOM,1000.0,1,d,6.148148070361728e-09,6.139216716067242e-09,6.1310116330171995e-09,6.123223973054242e-09,6.1156689110463654e-09,6.108389363087193e-09,6.101434548369855e-09,6.0949208375199635e-09,6.088993725709295e-09,6.083903092808416e-09,6.079566248707335e-09,6.076152868416986e-09,6.073678116751916e-09,6.072123771583632e-09,6.0711032250413645e-09,6.070565383125093e-09,6.070369557214024e-09,6.070421221656236e-09,6.07063806576065e-09,6.070956123371201e-09,6.071295481719531e-09
628,Wafer6_B_1000_p2,6,BOTTOM,1000.0,2,,6.34566343163928e-09,6.3367161044899475e-09,6.328821988522882e-09,6.32132083303834e-09,6.314181641031759e-09,6.307054924391934e-09,6.300077827904545e-09,6.293449651632151e-09,6.28681564360303e-09,6.280319092582023e-09,6.274180552877748e-09,6.268136614735536e-09,6.262277137577268e-09,6.256761710023694e-09,6.2516695530601464e-09,6.247011693957683e-09,6.2429899489983705e-09,6.239655793297135e-09,6.2368832004076245e-09,6.234737998732806e-09,6.2332353374981825e-09
633,Wafer6_B_1000_p3,6,BOTTOM,1000.0,3,,6.431410623667102e-09,6.423661739168413e-09,6.416636438042397e-09,6.409841865749974e-09,6.4033072838584255e-09,6.39711641361244e-09,6.391263569262471e-09,6.385930135113476e-09,6.381082647882888e-09,6.376673801333708e-09,6.373244379766152e-09,6.370315493268541e-09,6.367819122635468e-09,6.365946685353354e-09,6.3645147876805165e-09,6.3632194080375305e-09,6.362141387902405e-09,6.36123179981068e-09,6.360566081590254e-09,6.359978352890937e-09,6.359592206368001e-09
377,Wafer6_M_1000d_p1,6,CENTER,1000.0,1,,6.372955279819564e-09,6.364811882528777e-09,6.357569308754516e-09,6.350590611544098e-09,6.343960615410343e-09,6.337557943550662e-09,6.331171021096587e-09,6.324977330900956e-09,6.3188530798656535e-09,6.312997099053629e-09,6.307326676564353e-09,6.301928152602174e-09,6.296733693599658e-09,6.291876244945238e-09,6.287506002372822e-09,6.283394126575462e-09,6.280082746440659e-09,6.277354012106335e-09,6.2750669819923606e-09,6.273401497511427e-09,6.2721731803016024e-09
380,Wafer6_M_1000d_p2,6,CENTER,1000.0,2,,6.317689702552054e-09,6.308935216525347e-09,6.301214498111909e-09,6.293758259157961e-09,6.286628858265202e-09,6.279807909825205e-09,6.273007407953136e-09,6.26643161915706e-09,6.259741998960802e-09,6.253399198236886e-09,6.247223636210616e-09,6.241191201493077e-09,6.235416527531685e-09,6.229801256794602e-09,6.224659686428386e-09,6.219924335815421e-09,6.215732064585568e-09,6.212103457044664e-09,6.209186177639639e-09,6.206986913729615e-09,6.205219788240937e-09
555,Wafer6_L_1000_p1,6,LEFT,1000.0,1,,1.221740728230388e-09,1.3649434953509086e-09,1.4821695058249855e-09,1.6075653322531293e-09,1.7878879021163667e-09,2.1466938958890387e-09,2.4616889147081006e-09,2.711836368925254e-09,2.938071124428223e-09,3.1248498008291745e-09,3.1921308318842165e-09,3.1374716470437835e-09,2.9451634125074676e-09,2.696038004506784e-09,2.3716144360792327e-09,1.9816867591068654e-09,1.7566136572421138e-09,1.5481708210021376e-09,1.2299143637074313e-09,1.2378928417483639e-09,1.1803751368660621e-09
558,Wafer6_L_1000_p2,6,LEFT,1000.0,2,,6.2761662800177304e-09,6.268094188793003e-09,6.260456063880677e-09,6.252455226890896e-09,6.246257125327233e-09,6.239528648224769e-09,6.232558544223734e-09,6.226541572750124e-09,6.2200005577828545e-09,6.213927618800156e-09,6.207878816701194e-09,6.201919667976619e-09,6.196600672687923e-09,6.1913612184666e-09,6.186585263377158e-09,6.1807226258860045e-09,6.1763951019086485e-09,6.173659367686058e-09,6.1716288069549625e-09,6.169581309947876e-09,6.168080286566831e-09
386,Wafer6_R_1000d_p1,6,RIGHT,1000.0,1,,6.221202498671161e-09,6.2128953169277074e-09,6.205697422898849e-09,6.198510251487882e-09,6.191848193055581e-09,6.185235816307959e-09,6.178802978634617e-09,6.172551168206407e-09,6.1664068335766816e-09,6.16031083203489e-09,6.1545517901612216e-09,6.148911243436347e-09,6.143556270526285e-09,6.138424922149721e-09,6.133624961459597e-09,6.129305332382116e-09,6.125505667593168e-09,6.1224468645641355e-09,6.119799785886408e-09,6.117923262471515e-09,6.116361324582028e-09
452,Wafer6_T_1000d_p1,6,TOP,1000.0,1,,6.24863161884023e-09,6.240463486066591e-09,6.233340258918166e-09,6.226455219299967e-09,6.219732971701905e-09,6.213277173193902e-09,6.2070490143066384e-09,6.2011289134688216e-09,6.195085408594166e-09,6.189165370828135e-09,6.183760981368474e-09,6.178719728949287e-09,6.173583129441961e-09,6.1687469508285364e-09,6.1643590585779855e-09,6.160289890266242e-09,6.156745209975829e-09,6.153759116349636e-09,6.151501722422943e-09,6.149559469702916e-09,6.14817367902551e-09
